{
	"skin-name": "x3",
	"preview-bg": "#eeeeee",
	"text": "#333333",
	"text-inverse": "#ffffff",
	"text-disabled": "#aaaaaa",
	"has-gradients": false,
	"has-radius": true,
	"has-boxshadow": false,
	"btn-text": "#333333",
	"btn-text-shadow": "#ffffff",
	"btn-bg": "#ffffff",
	"btn-bg-hlight": "#d9d9d9",
	"btn-border-top": "rgba(0,0,0,0.1)",
	"btn-border-right": "rgba(0,0,0,0.1)",
	"btn-border-bottom": "rgba(0,0,0,0.25)",
	"btn-border-left": "rgba(0,0,0,0.25)",
	"btn-split-border": "#bdbdbd",
	"btn-primary-text": "#ffffff",
	"btn-primary-text-shadow": "#333333",
	"btn-primary-bg": "#444444",
	"btn-primary-bg-hlight": "#444444",
	"menu-bg": "#ffffff",
	"menu-border": "rgba(0,0,0,0.2)",
	"menuitem-text": "#333333",
	"menuitem-bg-selected": "#444444",
	"menuitem-bg-selected-hlight": "#444444",
	"menuitem-separator-top": "#cbcbcb",
	"menuitem-separator-bottom": "#ffffff",
	"menuitem-text-inverse": "#ffffff",
	"menuitem-bg-active": "#444444",
	"menuitem-text-active": "#ffffff",
	"menuitem-preview-border-active": "#444444",
	"checkbox-border": "#c5c5c5",
	"checkbox-border-focus": "#444444",
	"panel-border": "#9e9e9e",
	"panel-bg": "#fdfdfd",
	"panel-bg-hlight": "#dddddd",
	"textbox-bg": "#ffffff",
	"textbox-border": "#c5c5c5",
	"textbox-border-focus": "#444444",
	"window-bg": "#ffffff",
	"window-border": "#c4c4c4",
	"tab-bg": "#e3e3e3",
	"tab-bg-hover": "#fdfdfd",
	"tab-bg-active": "#fdfdfd",
	"tab-border": "#c5c5c5",
	"colorbtn-backcolor-bg": "#bbbbbb",
	"grid-border": "#d6d6d6",
	"grid-border-active": "#a1a1a1"
}